Experiment,NE-corner,NW-corner,SE-corner,SW-corner
PilotPlot1,"25.5106648, -80.5035612","25.5106533, -80.5037365","25.5100130, -80.5035226","25.5100191, -80.5037158"
Variety trial,"25.5106648, -80.5035612","25.5106533, -80.5037365","25.5100130, -80.5035226","25.5100191, -80.5037158"
PilotPlot2,"25.5109193, -80.5035418","25.5108739, -80.5037446","25.5108019, -80.5035491","25.518270,-80.5307704"
PilotPlotPlus8,"25.5103072, -80.5037050","25.5102963, -80.5038868","25.5100191, -80.5037158","25.5099958, -80.5039116"
